Segment,SKUs,Demand,Shipped,FillRate,AvgOnHand,StockoutWeeks,Orders
A-X,28,182483.0,177813.03,0.9744087394442222,1082.8323214285715,20,102
B-X,12,46812.0,44921.0,0.9596043749465949,784.705625,9,31
C-X,7,27370.0,25758.0,0.9411033978808915,757.7678571428571,7,15
